{
  "timestamp": "2026-05-15T13:12:55.169167+00:00",
  "params": {
    "num_contributors": 2,
    "consistency_runs": 2,
    "llm_enabled": true
  },
  "results": [
    {
      "repo": "openclaw/openclaw",
      "status": "success",
      "error": null,
      "data": {
        "heuristic": {
          "total": 85.0,
          "breakdown": {
            "stars_score": 25.0,
            "forks_score": 10.0,
            "contributors_score": 20.0,
            "activity_score": 30.0,
            "issues_score": 0.0
          },
          "raw": {
            "stars": 372072,
            "forks": 77029,
            "contributors": 100,
            "commits_last_30_days": 100,
            "open_issues": 7051
          }
        },
        "llm_evals": [
          {
            "login": "steipete",
            "num_prs": 23,
            "scores": [
              70,
              70
            ],
            "consistency_std": 0.0,
            "average_score": 70.0
          },
          {
            "login": "vincentkoc",
            "num_prs": 0,
            "scores": [
              0,
              0
            ],
            "consistency_std": 0.0,
            "average_score": 0.0
          }
        ],
        "metrics": {
          "requests": {
            "count": 74,
            "errors": 0,
            "latencies": [
              0.8936313000012888,
              0.823293500001455,
              1.914177299997391,
              3.0894993000001705,
              1.232281000000512,
              0.6397489000009955,
              0.660285500001919,
              0.8099064000016369,
              0.669097400001192,
              0.6454601000004914,
              1.0844755999969493,
              0.6323289000029035,
              0.7582632000012381,
              0.9556849000000511,
              0.8948345000026166,
              2.1044399999991583,
              1.1364820999988297,
              0.9014397999999346,
              0.6820265999995172,
              0.8430173999986437,
              0.7516076000028988,
              0.7632913999987068,
              0.9557420999990427,
              0.7697934999996505,
              0.8049093000008725,
              0.8456972999993013,
              0.6588198999997985,
              1.1495288999976765,
              0.7893000000003667,
              0.6156373000012536,
              0.6075659000016458,
              0.6997529000000213,
              0.7176827000002959,
              0.6329355000016221,
              0.7616916000006313,
              0.633087300000625,
              0.6575910999999905,
              0.9140652000023692,
              0.5732413000005181,
              0.6078102999999828,
              0.8725659000010637,
              0.5795146999989811,
              0.6690662000000884,
              0.8720089999987977,
              0.6218053999982658,
              0.6950636000001396,
              0.8283193000024767,
              1.0719461000007868,
              0.8779371999989962,
              1.1238855000010517,
              0.8996965999976965,
              0.8541548000030161,
              0.7301215999978012,
              0.7582858999994642,
              0.6469375999986369,
              0.8163538000007975,
              0.6039618999966478,
              0.6943786999981967,
              0.7627389000008407,
              0.5915415999988909,
              0.6725934999994934,
              0.8830333999976574,
              0.6533269999999902,
              0.6355307000012544,
              0.8419606000024942,
              0.7144498000016029,
              0.8195507999989786,
              0.8689687000005506,
              0.8144496999993862,
              0.68522220000159,
              0.7358573999990767,
              0.9876566999992065,
              0.6856427000020631,
              2.5225513000004867
            ],
            "by_endpoint": {
              "/repos/openclaw/openclaw": {
                "count": 1,
                "errors": 0,
                "latencies": [
                  0.8936313000012888
                ]
              },
              "/repos/openclaw/openclaw/contributors": {
                "count": 1,
                "errors": 0,
                "latencies": [
                  0.823293500001455
                ]
              },
              "/repos/openclaw/openclaw/commits": {
                "count": 1,
                "errors": 0,
                "latencies": [
                  1.914177299997391
                ]
              },
              "/repos/openclaw/openclaw/pulls": {
                "count": 2,
                "errors": 0,
                "latencies": [
                  3.0894993000001705,
                  2.5225513000004867
                ]
              },
              "/repos/openclaw/openclaw/pulls/:num": {
                "count": 23,
                "errors": 0,
                "latencies": [
                  1.232281000000512,
                  0.8099064000016369,
                  1.0844755999969493,
                  0.9556849000000511,
                  1.1364820999988297,
                  0.8430173999986437,
                  0.9557420999990427,
                  0.8456972999993013,
                  0.7893000000003667,
                  0.6997529000000213,
                  0.7616916000006313,
                  0.9140652000023692,
                  0.8725659000010637,
                  0.8720089999987977,
                  0.8283193000024767,
                  1.1238855000010517,
                  0.7301215999978012,
                  0.8163538000007975,
                  0.7627389000008407,
                  0.8830333999976574,
                  0.8419606000024942,
                  0.8689687000005506,
                  0.7358573999990767
                ]
              },
              "/repos/openclaw/openclaw/pulls/:num/reviews": {
                "count": 23,
                "errors": 0,
                "latencies": [
                  0.6397489000009955,
                  0.669097400001192,
                  0.6323289000029035,
                  0.8948345000026166,
                  0.9014397999999346,
                  0.7516076000028988,
                  0.7697934999996505,
                  0.6588198999997985,
                  0.6156373000012536,
                  0.7176827000002959,
                  0.633087300000625,
                  0.5732413000005181,
                  0.5795146999989811,
                  0.6218053999982658,
                  1.0719461000007868,
                  0.8996965999976965,
                  0.7582858999994642,
                  0.6039618999966478,
                  0.5915415999988909,
                  0.6533269999999902,
                  0.7144498000016029,
                  0.8144496999993862,
                  0.9876566999992065
                ]
              },
              "/repos/openclaw/openclaw/pulls/:num/files": {
                "count": 23,
                "errors": 0,